TYPE_MA_1,PERIOD_MA_1,START_TRAILING,THRESHOLD_TRAILING,LOSSCUT_VWAP
PPF,3,20,0.5,0
PPF,5,20,0.5,0
PPF,8,20,0.5,0
PPF,3,40,0.5,0
PPF,5,40,0.5,0
PPF,8,40,0.5,0
PPF,3,60,0.5,0
PPF,5,60,0.5,0
PPF,8,60,0.5,0
PPF,3,20,0.6,0
PPF,5,20,0.6,0
PPF,8,20,0.6,0
PPF,3,40,0.6,0
PPF,5,40,0.6,0
PPF,8,40,0.6,0
PPF,3,60,0.6,0
PPF,5,60,0.6,0
PPF,8,60,0.6,0
PPF,3,20,0.7,0
PPF,5,20,0.7,0
PPF,8,20,0.7,0
PPF,3,40,0.7,0
PPF,5,40,0.7,0
PPF,8,40,0.7,0
PPF,3,60,0.7,0
PPF,5,60,0.7,0
PPF,8,60,0.7,0
PPF,3,20,0.5,-5
PPF,5,20,0.5,-5
PPF,8,20,0.5,-5
PPF,3,40,0.5,-5
PPF,5,40,0.5,-5
PPF,8,40,0.5,-5
PPF,3,60,0.5,-5
PPF,5,60,0.5,-5
PPF,8,60,0.5,-5
PPF,3,20,0.6,-5
PPF,5,20,0.6,-5
PPF,8,20,0.6,-5
PPF,3,40,0.6,-5
PPF,5,40,0.6,-5
PPF,8,40,0.6,-5
PPF,3,60,0.6,-5
PPF,5,60,0.6,-5
PPF,8,60,0.6,-5
PPF,3,20,0.7,-5
PPF,5,20,0.7,-5
PPF,8,20,0.7,-5
PPF,3,40,0.7,-5
PPF,5,40,0.7,-5
PPF,8,40,0.7,-5
PPF,3,60,0.7,-5
PPF,5,60,0.7,-5
PPF,8,60,0.7,-5
PPF,3,20,0.5,-10
PPF,5,20,0.5,-10
PPF,8,20,0.5,-10
PPF,3,40,0.5,-10
PPF,5,40,0.5,-10
PPF,8,40,0.5,-10
PPF,3,60,0.5,-10
PPF,5,60,0.5,-10
PPF,8,60,0.5,-10
PPF,3,20,0.6,-10
PPF,5,20,0.6,-10
PPF,8,20,0.6,-10
PPF,3,40,0.6,-10
PPF,5,40,0.6,-10
PPF,8,40,0.6,-10
PPF,3,60,0.6,-10
PPF,5,60,0.6,-10
PPF,8,60,0.6,-10
PPF,3,20,0.7,-10
PPF,5,20,0.7,-10
PPF,8,20,0.7,-10
PPF,3,40,0.7,-10
PPF,5,40,0.7,-10
PPF,8,40,0.7,-10
PPF,3,60,0.7,-10
PPF,5,60,0.7,-10
PPF,8,60,0.7,-10
